exchange, symbol, price, highestBidPercent, highestAskPercent, bidAskSpread, time
1,BTCUSDT,8009.879999999999,99.98988748895115,100.01011251104886,0.00020222977046916658,1526621115.2849498
1,BTCUSDT,8009.879999999999,99.98988748895115,100.01011251104886,0.00020222977046916658,1526621115.9294205
1,BTCUSDT,8009.535,99.99419441952622,100.00580558047378,0.00011610486891392558,1526621116.2437212
1,BTCUSDT,8010.35,99.99575549133309,100.0042445086669,8.488657032031813e-05,1526621116.583944
1,BTCUSDT,8010.35,99.99575549133309,100.0042445086669,8.488657032031813e-05,1526621117.0961287
1,BTCUSDT,8010.35,99.99575549133309,100.0042445086669,8.488657032031813e-05,1526621117.44849
1,BTCUSDT,8010.35,99.99575549133309,100.0042445086669,8.488657032031813e-05,1526621117.7716725
1,BTCUSDT,8010.35,99.99575549133309,100.0042445086669,8.488657032031813e-05,1526621118.1496968
1,BTCUSDT,8010.35,99.99575549133309,100.0042445086669,8.488657032031813e-05,1526621118.5362837
1,BTCUSDT,8010.35,99.99575549133309,100.0042445086669,8.488657032031813e-05,1526621118.8662763
1,BTCUSDT,8010.35,99.99575549133309,100.0042445086669,8.488657032031813e-05,1526621119.3760087
1,BTCUSDT,8010.35,99.99575549133309,100.0042445086669,8.488657032031813e-05,1526621119.6858275
1,BTCUSDT,8010.35,99.99575549133309,100.0042445086669,8.488657032031813e-05,1526621120.2285445
1,BTCUSDT,8010.35,99.99575549133309,100.0042445086669,8.488657032031813e-05,1526621120.5661068
1,BTCUSDT,8010.35,99.99575549133309,100.0042445086669,8.488657032031813e-05,1526621120.885747
1,BTCUSDT,8010.355,99.99581791318862,100.00418208681138,8.363823840392446e-05,1526621126.410608
1,BTCUSDT,8010.355,99.99581791318862,100.00418208681138,8.363823840392446e-05,1526621126.746317
1,BTCUSDT,8010.355,99.99581791318862,100.00418208681138,8.363823840392446e-05,1526621127.0925303
1,BTCUSDT,8010.355,99.99581791318862,100.00418208681138,8.363823840392446e-05,1526621127.4726565
1,BTCUSDT,8010.355,99.99581791318862,100.00418208681138,8.363823840392446e-05,1526621127.8403068
1,BTCUSDT,8010.355,99.99581791318862,100.00418208681138,8.363823840392446e-05,1526621128.220267
1,BTCUSDT,8010.355,99.99581791318862,100.00418208681138,8.363823840392446e-05,1526621128.7368662
1,BTCUSDT,8010.36,99.99588033496623,100.00411966503377,8.238990648722294e-05,1526621129.193744
1,BTCUSDT,8010.36,99.99588033496623,100.00411966503377,8.238990648722294e-05,1526621129.7250438
1,BTCUSDT,8010.36,99.99588033496623,100.00411966503377,8.238990648722294e-05,1526621130.2789805
1,BTCUSDT,8010.36,99.99588033496623,100.00411966503377,8.238990648722294e-05,1526621130.8050203
1,BTCUSDT,8010.36,99.99588033496623,100.00411966503377,8.238990648722294e-05,1526621131.168565
1,BTCUSDT,8010.36,99.99588033496623,100.00411966503377,8.238990648722294e-05,1526621131.5308266
1,BTCUSDT,8010.36,99.99588033496623,100.00411966503377,8.238990648722294e-05,1526621131.8812864
1,BTCUSDT,8010.36,99.99588033496623,100.00411966503377,8.238990648722294e-05,1526621132.2199147
1,BTCUSDT,8010.36,99.99588033496623,100.00411966503377,8.238990648722294e-05,1526621132.562712
1,BTCUSDT,8010.36,99.99588033496623,100.00411966503377,8.238990648722294e-05,1526621133.0740705
1,BTCUSDT,8010.36,99.99588033496623,100.00411966503377,8.238990648722294e-05,1526621133.4024482
1,BTCUSDT,8010.36,99.99588033496623,100.00411966503377,8.238990648722294e-05,1526621133.7464101
1,BTCUSDT,8010.36,99.99588033496623,100.00411966503377,8.238990648722294e-05,1526621134.0790594
1,BTCUSDT,8010.36,99.99588033496623,100.00411966503377,8.238990648722294e-05,1526621134.6308742
1,BTCUSDT,8010.36,99.99588033496623,100.00411966503377,8.238990648722294e-05,1526621134.962585
1,BTCUSDT,8010.36,99.99588033496623,100.00411966503377,8.238990648722294e-05,1526621135.4971013
1,BTCUSDT,8010.36,99.99588033496623,100.00411966503377,8.238990648722294e-05,1526621136.1528304
1,BTCUSDT,8010.36,99.99588033496623,100.00411966503377,8.238990648722294e-05,1526621136.5111625
1,BTCUSDT,8010.365,99.9959427566659,100.0040572433341,8.114157457092698e-05,1526621137.1816816
1,BTCUSDT,8010.365,99.9959427566659,100.0040572433341,8.114157457092698e-05,1526621137.730939
1,BTCUSDT,8010.365,99.9959427566659,100.0040572433341,8.114157457092698e-05,1526621138.0377052
1,BTCUSDT,8010.025,99.9999375782223,100.0000624217777,1.248434774680289e-06,1526621138.3753197
1,BTCUSDT,8010.025,99.9999375782223,100.0000624217777,1.248434774680289e-06,1526621138.8942597
1,BTCUSDT,8010.025,99.9999375782223,100.0000624217777,1.248434774680289e-06,1526621139.5105817
1,BTCUSDT,8010.355,99.99581791318862,100.00418208681138,8.363823840392446e-05,1526621140.0937145
1,BTCUSDT,8012.6849999999995,99.97098350927311,100.0290164907269,0.0005801614720381838,1526621194.9847908
1,BTCUSDT,8012.6900000000005,99.97104592839608,100.0289540716039,0.0005789138129583256,1526621195.4493315
1,BTCUSDT,8015.1849999999995,99.94005129014491,100.0599487098551,0.001198255858174251,1526621196.6757195
1,BTCUSDT,8015.165,99.94055019453748,100.05944980546253,0.0011882896733514143,1526621197.20026
1,BTCUSDT,8015.145,99.94079957380683,100.05920042619316,0.0011833080004838338,1526621197.534226
1,BTCUSDT,8019.63,99.99700734323154,100.00299265676844,5.985134422366406e-05,1526621197.9190993
1,BTCUSDT,8019.63,99.99700734323154,100.00299265676844,5.985134422366406e-05,1526621198.2628272
1,BTCUSDT,8019.63,99.99700734323154,100.00299265676844,5.985134422366406e-05,1526621198.572611
1,BTCUSDT,8017.13,99.96582318111345,100.03417681888655,0.0006833028465546885,1526621199.1015353
1,BTCUSDT,8016.4349999999995,99.95727527261184,100.04272472738818,0.000854129623210322,1526621199.4393027
1,ETHBTC,0.0838535,99.94573869904059,100.05426130095942,0.0010846374807805894,1526621310.8872836
1,ETHBTC,0.0838545,99.94693188797261,100.05306811202739,0.0010607992943898615,1526621311.5681713
1,ETHBTC,0.0838545,99.94693188797261,100.05306811202739,0.0010607992943898615,1526621311.9394007
1,ETHBTC,0.0838545,99.94693188797261,100.05306811202739,0.0010607992943898615,1526621312.3055403
1,ETHBTC,0.0838545,99.94693188797261,100.05306811202739,0.0010607992943898615,1526621312.6636765
1,ETHBTC,0.0838545,99.94693188797261,100.05306811202739,0.0010607992943898615,1526621313.0198739
1,ETHBTC,0.0838545,99.94693188797261,100.05306811202739,0.0010607992943898615,1526621313.548428
1,BTCUSDT,8029.73,99.99663749590584,100.00336250409416,6.724782067239342e-05,1526621997.8099496
1,BTCUSDT,8029.455,99.99993772927304,100.00006227072697,1.2454137637555246e-06,1526621998.4050229
1,BTCUSDT,8029.455,99.99993772927304,100.00006227072697,1.2454137637555246e-06,1526621998.9989889
1,BTCUSDT,8029.965,99.9940846566579,100.00591534334208,0.000118299868998353,1526622049.1436975
1,BTCUSDT,8029.965,99.9940846566579,100.00591534334208,0.000118299868998353,1526622049.519561
1,BTCUSDT,8029.959999999999,99.99402238616382,100.00597761383618,0.00011954513077731787,1526622049.8468413
1,BTCUSDT,8029.959999999999,99.99402238616382,100.00597761383618,0.00011954513077731787,1526622050.3940637
1,BTCUSDT,8029.959999999999,99.99402238616382,100.00597761383618,0.00011954513077731787,1526622050.6936681
1,BTCUSDT,8031.014999999999,99.99284025742699,100.00715974257301,0.00014318459981142926,1526622051.161979
1,BTCUSDT,8031.02,99.99290252047685,100.00709747952314,0.00014193951633482155,1526622051.5031083
1,BTCUSDT,8031.02,99.99290252047685,100.00709747952314,0.00014193951633482155,1526622052.0343163
1,BTCUSDT,8031.02,99.99290252047685,100.00709747952314,0.00014193951633482155,1526622052.3877828
1,BTCUSDT,8031.02,99.99290252047685,100.00709747952314,0.00014193951633482155,1526622052.7346084
1,BTCUSDT,8031.014999999999,99.99284025742699,100.00715974257301,0.00014318459981142926,1526622053.238542
1,BTCUSDT,8031.014999999999,99.99284025742699,100.00715974257301,0.00014318459981142926,1526622053.5777974
1,BTCUSDT,8031.014999999999,99.99284025742699,100.00715974257301,0.00014318459981142926,1526622054.2628849
1,BTCUSDT,8031.014999999999,99.99284025742699,100.00715974257301,0.00014318459981142926,1526622054.606608
1,BTCUSDT,8031.014999999999,99.99284025742699,100.00715974257301,0.00014318459981142926,1526622054.9644675
1,BTCUSDT,8031.014999999999,99.99284025742699,100.00715974257301,0.00014318459981142926,1526622055.305496
1,BTCUSDT,8032.29,99.99128517521156,100.00871482478844,0.00017428130745824466,1526622055.6503575
1,BTCUSDT,8032.29,99.99128517521156,100.00871482478844,0.00017428130745824466,1526622055.970727
1,BTCUSDT,8032.295,99.99134742934616,100.00865257065384,0.0001730364409764223,1526622056.2678275
1,BTCUSDT,8032.295,99.99134742934616,100.00865257065384,0.0001730364409764223,1526622056.7111633
1,BTCUSDT,8032.295,99.99134742934616,100.00865257065384,0.0001730364409764223,1526622057.0552301
1,BTCUSDT,8032.295,99.99134742934616,100.00865257065384,0.0001730364409764223,1526622057.361916
1,BTCUSDT,8032.295,99.99134742934616,100.00865257065384,0.0001730364409764223,1526622057.917751
1,BTCUSDT,8031.595,99.99993774586493,100.00006225413507,1.2450819263581817e-06,1526622058.451192
1,BTCUSDT,8031.595,99.99993774586493,100.00006225413507,1.2450819263581817e-06,1526622058.8270607
1,BTCUSDT,8031.595,99.99993774586493,100.00006225413507,1.2450819263581817e-06,1526622059.1686873
1,BTCUSDT,8031.595,99.99993774586493,100.00006225413507,1.2450819263581817e-06,1526622059.7134311
1,BTCUSDT,8031.595,99.99993774586493,100.00006225413507,1.2450819263581817e-06,1526622060.217429
1,BTCUSDT,8031.595,99.99993774586493,100.00006225413507,1.2450819263581817e-06,1526622060.5593848
1,BTCUSDT,8031.595,99.99993774586493,100.00006225413507,1.2450819263581817e-06,1526622060.8783875
1,BTCUSDT,8031.595,99.99993774586493,100.00006225413507,1.2450819263581817e-06,1526622061.1831295
1,BTCUSDT,8031.595,99.99993774586493,100.00006225413507,1.2450819263581817e-06,1526622061.730003
1,BTCUSDT,8031.595,99.99993774586493,100.00006225413507,1.2450819263581817e-06,1526622062.0547023
1,BTCUSDT,8031.595,99.99993774586493,100.00006225413507,1.2450819263581817e-06,1526622062.3602645
1,BTCUSDT,8031.595,99.99993774586493,100.00006225413507,1.2450819263581817e-06,1526622062.7325284
1,BTCUSDT,8031.595,99.99993774586493,100.00006225413507,1.2450819263581817e-06,1526622063.035419
1,BTCUSDT,8031.595,99.99993774586493,100.00006225413507,1.2450819263581817e-06,1526622063.3895001
1,BTCUSDT,8031.595,99.99993774586493,100.00006225413507,1.2450819263581817e-06,1526622063.7371202
1,BTCUSDT,8031.595,99.99993774586493,100.00006225413507,1.2450819263581817e-06,1526622064.04104
1,BTCUSDT,8031.595,99.99993774586493,100.00006225413507,1.2450819263581817e-06,1526622064.3515565
1,BTCUSDT,8031.595,99.99993774586493,100.00006225413507,1.2450819263581817e-06,1526622064.6977837
1,BTCUSDT,8031.595,99.99993774586493,100.00006225413507,1.2450819263581817e-06,1526622065.023939
1,BTCUSDT,8031.595,99.99993774586493,100.00006225413507,1.2450819263581817e-06,1526622065.521576
1,BTCUSDT,8031.595,99.99993774586493,100.00006225413507,1.2450819263581817e-06,1526622065.8819823
1,BTCUSDT,8031.595,99.99993774586493,100.00006225413507,1.2450819263581817e-06,1526622066.2084594
1,BTCUSDT,8032.29,99.99128517521156,100.00871482478844,0.00017428130745824466,1526622066.532512
1,BTCUSDT,8032.29,99.99128517521156,100.00871482478844,0.00017428130745824466,1526622066.867275
1,BTCUSDT,8032.29,99.99128517521156,100.00871482478844,0.00017428130745824466,1526622067.211182
1,BTCUSDT,8032.29,99.99128517521156,100.00871482478844,0.00017428130745824466,1526622067.5886996
1,BTCUSDT,8032.29,99.99128517521156,100.00871482478844,0.00017428130745824466,1526622068.1207268
1,BTCUSDT,8032.295,99.99134742934616,100.00865257065384,0.0001730364409764223,1526622068.4662967
1,BTCUSDT,8032.295,99.99134742934616,100.00865257065384,0.0001730364409764223,1526622068.9816287
1,BTCUSDT,8032.295,99.99134742934616,100.00865257065384,0.0001730364409764223,1526622069.315293
1,BTCUSDT,8032.295,99.99134742934616,100.00865257065384,0.0001730364409764223,1526622069.647114
1,BTCUSDT,8032.295,99.99134742934616,100.00865257065384,0.0001730364409764223,1526622069.9796317
1,BTCUSDT,8031.795,99.9974476440198,100.00255235598019,5.1045816732894874e-05,1526622070.339398
1,BTCUSDT,8031.795,99.9974476440198,100.00255235598019,5.1045816732894874e-05,1526622070.6593173
1,BTCUSDT,8031.795,99.9974476440198,100.00255235598019,5.1045816732894874e-05,1526622070.9632127
1,BTCUSDT,8032.995,99.99993775671466,100.00006224328534,1.2448649319927407e-06,1526622071.4778576
1,BTCUSDT,8032.995,99.99993775671466,100.00006224328534,1.2448649319927407e-06,1526622071.7879796
1,BTCUSDT,8032.995,99.99993775671466,100.00006224328534,1.2448649319927407e-06,1526622072.09419
1,BTCUSDT,8032.995,99.99993775671466,100.00006224328534,1.2448649319927407e-06,1526622072.423376
1,BTCUSDT,8032.995,99.99993775671466,100.00006224328534,1.2448649319927407e-06,1526622072.77543
1,BTCUSDT,8032.995,99.99993775671466,100.00006224328534,1.2448649319927407e-06,1526622073.071563
1,BTCUSDT,8032.995,99.99993775671466,100.00006224328534,1.2448649319927407e-06,1526622073.370183
1,BTCUSDT,8032.995,99.99993775671466,100.00006224328534,1.2448649319927407e-06,1526622073.8526056
1,BTCUSDT,8032.995,99.99993775671466,100.00006224328534,1.2448649319927407e-06,1526622074.2020237
1,BTCUSDT,8032.995,99.99993775671466,100.00006224328534,1.2448649319927407e-06,1526622074.5238037
1,BTCUSDT,8032.995,99.99993775671466,100.00006224328534,1.2448649319927407e-06,1526622075.0702443
1,BTCUSDT,8032.995,99.99993775671466,100.00006224328534,1.2448649319927407e-06,1526622075.6169517
1,BTCUSDT,8032.995,99.99993775671466,100.00006224328534,1.2448649319927407e-06,1526622075.950642
1,BTCUSDT,8032.995,99.99993775671466,100.00006224328534,1.2448649319927407e-06,1526622076.564064
1,BTCUSDT,8032.995,99.99993775671466,100.00006224328534,1.2448649319927407e-06,1526622076.8815527
1,BTCUSDT,8032.995,99.99993775671466,100.00006224328534,1.2448649319927407e-06,1526622077.2200358
1,BTCUSDT,8032.995,99.99993775671466,100.00006224328534,1.2448649319927407e-06,1526622077.51633
1,BTCUSDT,8032.995,99.99993775671466,100.00006224328534,1.2448649319927407e-06,1526622077.8404276
1,BTCUSDT,8032.995,99.99993775671466,100.00006224328534,1.2448649319927407e-06,1526622078.170218
1,BTCUSDT,8032.995,99.99993775671466,100.00006224328534,1.2448649319927407e-06,1526622078.5338242
1,BTCUSDT,8033.344999999999,99.99570540042785,100.00429459957216,8.588830288441734e-05,1526622079.8729548
1,BTCUSDT,8033.344999999999,99.99570540042785,100.00429459957216,8.588830288441734e-05,1526622080.1789372
1,BTCUSDT,8033.344999999999,99.99570540042785,100.00429459957216,8.588830288441734e-05,1526622080.4783168
1,BTCUSDT,8033.344999999999,99.99570540042785,100.00429459957216,8.588830288441734e-05,1526622080.8127794
1,BTCUSDT,8033.344999999999,99.99570540042785,100.00429459957216,8.588830288441734e-05,1526622081.13469
1,BTCUSDT,8033.344999999999,99.99570540042785,100.00429459957216,8.588830288441734e-05,1526622081.6853287
1,BTCUSDT,8033.344999999999,99.99570540042785,100.00429459957216,8.588830288441734e-05,1526622082.0104394
1,BTCUSDT,8033.344999999999,99.99570540042785,100.00429459957216,8.588830288441734e-05,1526622082.3478677
1,BTCUSDT,8033.344999999999,99.99570540042785,100.00429459957216,8.588830288441734e-05,1526622082.7851326
1,BTCUSDT,8033.344999999999,99.99570540042785,100.00429459957216,8.588830288441734e-05,1526622083.1040761
1,BTCUSDT,8033.344999999999,99.99570540042785,100.00429459957216,8.588830288441734e-05,1526622083.6208503
1,BTCUSDT,8033.344999999999,99.99570540042785,100.00429459957216,8.588830288441734e-05,1526622083.9358196
1,BTCUSDT,8033.34,99.99576763836711,100.00423236163289,8.464365023236698e-05,1526622084.4371068
1,BTCUSDT,8033.34,99.99576763836711,100.00423236163289,8.464365023236698e-05,1526622084.9123354
1,BTCUSDT,8033.34,99.99576763836711,100.00423236163289,8.464365023236698e-05,1526622085.225328
1,BTCUSDT,8033.17,99.99788377440039,100.00211622559961,4.2323616328945495e-05,1526622085.7484202
1,BTCUSDT,8033.344999999999,99.99570540042785,100.00429459957216,8.588830288441734e-05,1526622086.2700968
1,BTCUSDT,8033.344999999999,99.99570540042785,100.00429459957216,8.588830288441734e-05,1526622086.5814245
1,BTCUSDT,8033.344999999999,99.99570540042785,100.00429459957216,8.588830288441734e-05,1526622086.945971
1,BTCUSDT,8033.344999999999,99.99570540042785,100.00429459957216,8.588830288441734e-05,1526622087.2517712
1,BTCUSDT,8033.344999999999,99.99570540042785,100.00429459957216,8.588830288441734e-05,1526622087.595724
1,BTCUSDT,8033.344999999999,99.99570540042785,100.00429459957216,8.588830288441734e-05,1526622087.9316185
1,BTCUSDT,8033.344999999999,99.99570540042785,100.00429459957216,8.588830288441734e-05,1526622088.301294
1,BTCUSDT,8033.344999999999,99.99570540042785,100.00429459957216,8.588830288441734e-05,1526622088.8357956
1,BTCUSDT,8033.344999999999,99.99570540042785,100.00429459957216,8.588830288441734e-05,1526622089.1737313
1,BTCUSDT,8033.35,99.99564316256605,100.00435683743393,8.71329524376842e-05,1526622089.473019
1,BTCUSDT,8033.35,99.99564316256605,100.00435683743393,8.71329524376842e-05,1526622089.7707736
1,BTCUSDT,8033.35,99.99564316256605,100.00435683743393,8.71329524376842e-05,1526622090.1124535
1,BTCUSDT,8033.35,99.99564316256605,100.00435683743393,8.71329524376842e-05,1526622090.4441907
1,BTCUSDT,8033.35,99.99564316256605,100.00435683743393,8.71329524376842e-05,1526622090.7676466
1,BTCUSDT,8033.35,99.99564316256605,100.00435683743393,8.71329524376842e-05,1526622091.0854843
1,BTCUSDT,8033.695,99.99993776213809,100.00006223786191,1.2447564635158933e-06,1526622091.3981998
1,BTCUSDT,8033.695,99.99993776213809,100.00006223786191,1.2447564635158933e-06,1526622091.8773775
1,BTCUSDT,8033.35,99.99564316256605,100.00435683743393,8.71329524376842e-05,1526622092.179541
1,BTCUSDT,8033.344999999999,99.99558091928083,100.00441908071917,8.837770890118515e-05,1526622092.5043092
1,BTCUSDT,8033.344999999999,99.99558091928083,100.00441908071917,8.837770890118515e-05,1526622092.819454
1,BTCUSDT,8032.65,99.98692834867697,100.01307165132305,0.00026139885731357406,1526622093.145493
1,BTCUSDT,8033.35,99.99564316256605,100.00435683743393,8.71329524376842e-05,1526622093.4768524
1,BTCUSDT,8032.3,99.99128518606129,100.00871481393871,0.0001742810905014255,1526622093.7782056
1,BTCUSDT,8032.995,99.99993775671466,100.00006224328534,1.2448649319927407e-06,1526622094.1113915
1,BTCUSDT,8032.995,99.99993775671466,100.00006224328534,1.2448649319927407e-06,1526622094.4416912
1,BTCUSDT,8032.995,99.99993775671466,100.00006224328534,1.2448649319927407e-06,1526622094.7643096
1,BTCUSDT,8032.995,99.99993775671466,100.00006224328534,1.2448649319927407e-06,1526622095.1137605
1,BTCUSDT,8032.995,99.99993775671466,100.00006224328534,1.2448649319927407e-06,1526622095.6184893
1,BTCUSDT,8032.995,99.99993775671466,100.00006224328534,1.2448649319927407e-06,1526622096.9760394
1,BTCUSDT,8032.295,99.99122293192669,100.00877706807331,0.0001755259554336923,1526622097.3408792
1,BTCUSDT,8032.295,99.99122293192669,100.00877706807331,0.0001755259554336923,1526622097.6502638
1,BTCUSDT,8032.295,99.99122293192669,100.00877706807331,0.0001755259554336923,1526622097.951005
1,BTCUSDT,8032.295,99.99122293192669,100.00877706807331,0.0001755259554336923,1526622098.4897804
1,BTCUSDT,8032.295,99.99122293192669,100.00877706807331,0.0001755259554336923,1526622099.0091136
1,BTCUSDT,8032.295,99.99122293192669,100.00877706807331,0.0001755259554336923,1526622099.340912
1,BTCUSDT,8032.295,99.99122293192669,100.00877706807331,0.0001755259554336923,1526622099.6507244
1,BTCUSDT,8032.295,99.99122293192669,100.00877706807331,0.0001755259554336923,1526622100.1919825
1,BTCUSDT,8032.29,99.99128517521156,100.00871482478844,0.00017428130745824466,1526622100.4946373
1,BTCUSDT,8032.29,99.99128517521156,100.00871482478844,0.00017428130745824466,1526622100.8184805
1,BTCUSDT,8032.29,99.99128517521156,100.00871482478844,0.00017428130745824466,1526622101.2100914
1,BTCUSDT,8032.29,99.99128517521156,100.00871482478844,0.00017428130745824466,1526622101.5641565
1,BTCUSDT,8032.295,99.99122293192669,100.00877706807331,0.0001755259554336923,1526622102.918522
1,BTCUSDT,8032.295,99.99122293192669,100.00877706807331,0.0001755259554336923,1526622103.245902
1,BTCUSDT,8032.295,99.99122293192669,100.00877706807331,0.0001755259554336923,1526622103.588771
1,BTCUSDT,8032.5,99.99377528789294,100.00622471210707,0.0001244864932154383,1526622103.8901498
1,BTCUSDT,8032.5,99.99377528789294,100.00622471210707,0.0001244864932154383,1526622104.2177634
1,BTCUSDT,8032.5,99.99377528789294,100.00622471210707,0.0001244864932154383,1526622104.5263476
1,BTCUSDT,8032.5,99.99377528789294,100.00622471210707,0.0001244864932154383,1526622104.855343
1,BTCUSDT,8032.5,99.99377528789294,100.00622471210707,0.0001244864932154383,1526622105.2159863
1,BTCUSDT,8031.014999999999,99.99284025742699,100.00715974257301,0.00014318459981142926,1526622105.545485
1,BTCUSDT,8031.014999999999,99.99284025742699,100.00715974257301,0.00014318459981142926,1526622106.0962853
1,BTCUSDT,8031.014999999999,99.99284025742699,100.00715974257301,0.00014318459981142926,1526622106.4357653
1,BTCUSDT,8031.014999999999,99.99284025742699,100.00715974257301,0.00014318459981142926,1526622106.9526339
1,BTCUSDT,8031.014999999999,99.99284025742699,100.00715974257301,0.00014318459981142926,1526622107.2996993
1,BTCUSDT,8031.02,99.99290252047685,100.00709747952314,0.00014193951633482155,1526622107.8551211
1,BTCUSDT,8031.02,99.99290252047685,100.00709747952314,0.00014193951633482155,1526622108.3801959
1,BTCUSDT,8031.02,99.99290252047685,100.00709747952314,0.00014193951633482155,1526622108.737223
1,BTCUSDT,8032.295,99.99122293192669,100.00877706807331,0.0001755259554336923,1526622109.0701866
1,BTCUSDT,8032.295,99.99122293192669,100.00877706807331,0.0001755259554336923,1526622109.3733397
1,BTCUSDT,8032.295,99.99122293192669,100.00877706807331,0.0001755259554336923,1526622109.8135533
1,BTCUSDT,8032.295,99.99122293192669,100.00877706807331,0.0001755259554336923,1526622110.1124568
1,BTCUSDT,8032.295,99.99122293192669,100.00877706807331,0.0001755259554336923,1526622110.4535117
1,BTCUSDT,8032.295,99.99122293192669,100.00877706807331,0.0001755259554336923,1526622110.764364
1,BTCUSDT,8031.719999999999,99.98406318945382,100.0159368105462,0.00031868542263168814,1526622111.0838256
1,BTCUSDT,8031.719999999999,99.98406318945382,100.0159368105462,0.00031868542263168814,1526622111.4257827
1,BTCUSDT,8031.719999999999,99.98406318945382,100.0159368105462,0.00031868542263168814,1526622111.736899
1,BTCUSDT,8031.719999999999,99.98406318945382,100.0159368105462,0.00031868542263168814,1526622112.0547755
1,BTCUSDT,8031.014999999999,99.99284025742699,100.00715974257301,0.00014318459981142926,1526622112.6018708
1,BTCUSDT,8031.014999999999,99.99284025742699,100.00715974257301,0.00014318459981142926,1526622112.9619265
1,BTCUSDT,8031.014999999999,99.99284025742699,100.00715974257301,0.00014318459981142926,1526622113.284907
1,BTCUSDT,8031.014999999999,99.99284025742699,100.00715974257301,0.00014318459981142926,1526622113.8195393
1,BTCUSDT,8031.014999999999,99.99284025742699,100.00715974257301,0.00014318459981142926,1526622114.1725757
1,BTCUSDT,8031.014999999999,99.99284025742699,100.00715974257301,0.00014318459981142926,1526622114.4767404
1,BTCUSDT,8031.014999999999,99.99284025742699,100.00715974257301,0.00014318459981142926,1526622115.0084314
1,BTCUSDT,8031.014999999999,99.99284025742699,100.00715974257301,0.00014318459981142926,1526622115.3252096
1,BTCUSDT,8031.014999999999,99.99284025742699,100.00715974257301,0.00014318459981142926,1526622115.6878023
1,BTCUSDT,8031.01,99.99290251163924,100.00709748836074,0.00014193969306178732,1526622116.2378352
1,BTCUSDT,8031.01,99.99290251163924,100.00709748836074,0.00014193969306178732,1526622116.6244898
1,BTCUSDT,8031.01,99.99290251163924,100.00709748836074,0.00014193969306178732,1526622116.9794912
1,BTCUSDT,8029.865,99.97864223122058,100.02135776877942,0.0004270641642117517,1526622117.3220952
1,BTCUSDT,8029.865,99.97864223122058,100.02135776877942,0.0004270641642117517,1526622118.0106232
1,BTCUSDT,8029.87,99.97857997701082,100.02142002298918,0.00042830871595809497,1526622118.3381317
1,BTCUSDT,8029.87,99.97857997701082,100.02142002298918,0.00042830871595809497,1526622118.6459725
1,BTCUSDT,8029.87,99.97857997701082,100.02142002298918,0.00042830871595809497,1526622119.0178912
1,BTCUSDT,8029.87,99.97857997701082,100.02142002298918,0.00042830871595809497,1526622119.524074
1,BTCUSDT,8029.87,99.97857997701082,100.02142002298918,0.00042830871595809497,1526622119.8686647
1,BTCUSDT,8029.87,99.97857997701082,100.02142002298918,0.00042830871595809497,1526622120.219331
1,BTCUSDT,8029.87,99.97857997701082,100.02142002298918,0.00042830871595809497,1526622120.5418267
1,BTCUSDT,8029.87,99.97857997701082,100.02142002298918,0.00042830871595809497,1526622121.0587866
1,BTCUSDT,8027.075,99.98660782414515,100.01339217585483,0.0002678076518251079,1526622121.3665276
1,BTCUSDT,8027.075,99.98660782414515,100.01339217585483,0.0002678076518251079,1526622121.7168741
1,BTCUSDT,8027.075,99.98660782414515,100.01339217585483,0.0002678076518251079,1526622122.0629997
1,BTCUSDT,8027.075,99.98660782414515,100.01339217585483,0.0002678076518251079,1526622122.3789816
1,BTCUSDT,8027.075,99.98660782414515,100.01339217585483,0.0002678076518251079,1526622122.9231994
1,BTCUSDT,8027.07,99.9866701050321,100.01332989496791,0.0002665623668745325,1526622123.248426
1,BTCUSDT,8027.07,99.9866701050321,100.01332989496791,0.0002665623668745325,1526622123.5804846
1,BTCUSDT,8027.07,99.9866701050321,100.01332989496791,0.0002665623668745325,1526622124.1204767
1,BTCUSDT,8027.07,99.9866701050321,100.01332989496791,0.0002665623668745325,1526622124.428863
1,BTCUSDT,8027.07,99.9866701050321,100.01332989496791,0.0002665623668745325,1526622124.763175
1,BTCUSDT,8028.145,99.99993771911195,100.00006228088805,1.245616985119721e-06,1526622125.2778122
1,BTCUSDT,8028.145,99.99993771911195,100.00006228088805,1.245616985119721e-06,1526622125.6095872
1,BTCUSDT,8028.145,99.99993771911195,100.00006228088805,1.245616985119721e-06,1526622126.1560545
1,BTCUSDT,8028.145,99.99993771911195,100.00006228088805,1.245616985119721e-06,1526622126.6635396
1,BTCUSDT,8028.145,99.99993771911195,100.00006228088805,1.245616985119721e-06,1526622127.0172162
1,BTCUSDT,8028.145,99.99993771911195,100.00006228088805,1.245616985119721e-06,1526622127.3512113
1,BTCUSDT,8028.145,99.99993771911195,100.00006228088805,1.245616985119721e-06,1526622127.8791249
1,BTCUSDT,8028.145,99.99993771911195,100.00006228088805,1.245616985119721e-06,1526622128.1958246
1,BTCUSDT,8028.145,99.99993771911195,100.00006228088805,1.245616985119721e-06,1526622128.5199463
1,BTCUSDT,8028.145,99.99993771911195,100.00006228088805,1.245616985119721e-06,1526622128.8341546
1,BTCUSDT,8028.145,99.99993771911195,100.00006228088805,1.245616985119721e-06,1526622129.1373756
1,BTCUSDT,8027.07,99.9866701050321,100.01332989496791,0.0002665623668745325,1526622129.8167825
1,BTCUSDT,8027.0650000000005,99.98673238599662,100.01326761400338,0.0002653170788217424,1526622130.5072165
1,BTCUSDT,8027.0650000000005,99.98673238599662,100.01326761400338,0.0002653170788217424,1526622130.8326766
1,BTCUSDT,8027.075,99.98660782414515,100.01339217585483,0.0002678076518251079,1526622131.388639
1,BTCUSDT,8027.075,99.98660782414515,100.01339217585483,0.0002678076518251079,1526622131.779737
1,BTCUSDT,8027.075,99.98660782414515,100.01339217585483,0.0002678076518251079,1526622132.1301186
1,BTCUSDT,8027.075,99.98660782414515,100.01339217585483,0.0002678076518251079,1526622132.660665
1,BTCUSDT,8027.075,99.98660782414515,100.01339217585483,0.0002678076518251079,1526622132.9781523
1,BTCUSDT,8027.075,99.98660782414515,100.01339217585483,0.0002678076518251079,1526622133.3143022
1,BTCUSDT,8027.075,99.98660782414515,100.01339217585483,0.0002678076518251079,1526622133.6570046
1,BTCUSDT,8025.5,99.99376985857579,100.0062301414242,0.00012459506603526455,1526622134.1801567
1,BTCUSDT,8026.575,99.98037768288467,100.01962231711532,0.0003923693503483674,1526622134.777445
1,BTCUSDT,8027.075,99.98660782414515,100.01339217585483,0.0002678076518251079,1526622135.3019958
1,BTCUSDT,8027.075,99.98660782414515,100.01339217585483,0.0002678076518251079,1526622135.6358154
1,BTCUSDT,8027.075,99.98660782414515,100.01339217585483,0.0002678076518251079,1526622135.9526055
1,BTCUSDT,8026.575,99.98037768288467,100.01962231711532,0.0003923693503483674,1526622136.6363375
1,BTCUSDT,8026.575,99.98037768288467,100.01962231711532,0.0003923693503483674,1526622136.9643652
1,BTCUSDT,8026.575,99.98037768288467,100.01962231711532,0.0003923693503483674,1526622137.4108748
1,BTCUSDT,8026.575,99.98037768288467,100.01962231711532,0.0003923693503483674,1526622137.792505
1,BTCUSDT,8026.575,99.98037768288467,100.01962231711532,0.0003923693503483674,1526622138.195719
1,BTCUSDT,8026.575,99.98037768288467,100.01962231711532,0.0003923693503483674,1526622138.5985756
1,BTCUSDT,8026.575,99.98037768288467,100.01962231711532,0.0003923693503483674,1526622138.9877837
1,BTCUSDT,8026.575,99.98037768288467,100.01962231711532,0.0003923693503483674,1526622139.3644435
1,BTCUSDT,8026.575,99.98037768288467,100.01962231711532,0.0003923693503483674,1526622139.7696757
1,BTCUSDT,8026.575,99.98037768288467,100.01962231711532,0.0003923693503483674,1526622140.139956
1,BTCUSDT,8026.575,99.98037768288467,100.01962231711532,0.0003923693503483674,1526622140.5529284
1,BTCUSDT,8026.575,99.98037768288467,100.01962231711532,0.0003923693503483674,1526622140.9589658
1,BTCUSDT,8026.575,99.98037768288467,100.01962231711532,0.0003923693503483674,1526622141.3634417
1,BTCUSDT,8026.575,99.98037768288467,100.01962231711532,0.0003923693503483674,1526622141.7857316
1,BTCUSDT,8026.575,99.98037768288467,100.01962231711532,0.0003923693503483674,1526622142.4043705
1,BTCUSDT,8026.575,99.98037768288467,100.01962231711532,0.0003923693503483674,1526622142.8071256
1,BTCUSDT,8026.575,99.98037768288467,100.01962231711532,0.0003923693503483674,1526622143.205589
1,BTCUSDT,8027.075,99.98660782414515,100.01339217585483,0.0002678076518251079,1526622143.6003947
1,BTCUSDT,8027.075,99.98660782414515,100.01339217585483,0.0002678076518251079,1526622144.0067067
1,BTCUSDT,8027.08,99.98667012163826,100.01332987836173,0.00026656203483975155,1526622144.372263
1,BTCUSDT,8027.08,99.98667012163826,100.01332987836173,0.00026656203483975155,1526622144.7557955
1,BTCUSDT,8027.08,99.98667012163826,100.01332987836173,0.00026656203483975155,1526622145.152365
1,BTCUSDT,8027.08,99.98667012163826,100.01332987836173,0.00026656203483975155,1526622145.5557718
1,BTCUSDT,8026.005,99.99993770250579,100.00006229749421,1.245949108012602e-06,1526622145.9304168
1,BTCUSDT,8026.005,99.99993770250579,100.00006229749421,1.245949108012602e-06,1526622146.2956655
1,BTCUSDT,8027.075,99.98660782414515,100.01339217585483,0.0002678076518251079,1526622146.664176
1,BTCUSDT,8027.075,99.98660782414515,100.01339217585483,0.0002678076518251079,1526622147.0660112
1,BTCUSDT,8027.075,99.98660782414515,100.01339217585483,0.0002678076518251079,1526622147.4709222
1,BTCUSDT,8027.075,99.98660782414515,100.01339217585483,0.0002678076518251079,1526622148.015484
1,BTCUSDT,8027.075,99.98660782414515,100.01339217585483,0.0002678076518251079,1526622148.4166903
1,BTCUSDT,8027.075,99.98660782414515,100.01339217585483,0.0002678076518251079,1526622148.942521
1,BTCUSDT,8027.075,99.98660782414515,100.01339217585483,0.0002678076518251079,1526622149.329536
1,BTCUSDT,8027.075,99.98660782414515,100.01339217585483,0.0002678076518251079,1526622149.754378
1,BTCUSDT,8027.075,99.98660782414515,100.01339217585483,0.0002678076518251079,1526622150.1323414
1,BTCUSDT,8027.075,99.98660782414515,100.01339217585483,0.0002678076518251079,1526622150.5114875
1,BTCUSDT,8027.075,99.98660782414515,100.01339217585483,0.0002678076518251079,1526622150.905688
1,BTCUSDT,8027.075,99.98660782414515,100.01339217585483,0.0002678076518251079,1526622151.2955492
1,BTCUSDT,8027.075,99.98660782414515,100.01339217585483,0.0002678076518251079,1526622151.6796012
1,BTCUSDT,8027.075,99.98660782414515,100.01339217585483,0.0002678076518251079,1526622152.0563676
1,BTCUSDT,8027.075,99.98660782414515,100.01339217585483,0.0002678076518251079,1526622152.5627716
1,BTCUSDT,8027.075,99.98660782414515,100.01339217585483,0.0002678076518251079,1526622152.925393
1,BTCUSDT,8027.075,99.98660782414515,100.01339217585483,0.0002678076518251079,1526622153.3020704
1,BTCUSDT,8027.075,99.98660782414515,100.01339217585483,0.0002678076518251079,1526622153.6887236
1,BTCUSDT,8027.075,99.98660782414515,100.01339217585483,0.0002678076518251079,1526622154.0707695
1,BTCUSDT,8027.085,99.98673241905375,100.01326758094626,0.0002653164178546067,1526622154.4470696
1,BTCUSDT,8027.085,99.98673241905375,100.01326758094626,0.0002653164178546067,1526622154.8565457
1,BTCUSDT,8027.09,99.98679471639161,100.01320528360837,0.00026407080086939216,1526622155.2311957
1,BTCUSDT,8027.09,99.98679471639161,100.01320528360837,0.00026407080086939216,1526622155.6139603
1,BTCUSDT,8027.09,99.98679471639161,100.01320528360837,0.00026407080086939216,1526622155.9801233
1,BTCUSDT,8027.09,99.98679471639161,100.01320528360837,0.00026407080086939216,1526622156.3541915
1,BTCUSDT,8027.085,99.98673241905375,100.01326758094626,0.0002653164178546067,1526622156.7187064
1,BTCUSDT,8026.51,99.99389522968264,100.00610477031735,0.000122087953158017,1526622164.0337903
1,BTCUSDT,8026.51,99.99389522968264,100.00610477031735,0.000122087953158017,1526622164.4078743
1,BTCUSDT,8027.08,99.9867946999407,100.0132053000593,0.0002640711298008907,1526622164.790552
1,BTCUSDT,8027.08,99.9867946999407,100.0132053000593,0.0002640711298008907,1526622165.204449
1,BTCUSDT,8027.08,99.9867946999407,100.0132053000593,0.0002640711298008907,1526622165.563625
1,BTCUSDT,8027.08,99.9867946999407,100.0132053000593,0.0002640711298008907,1526622165.9380198
1,BTCUSDT,8027.085,99.98685699727858,100.01314300272142,0.00026282551126431735,1526622166.3092036
1,BTCUSDT,8027.085,99.98685699727858,100.01314300272142,0.00026282551126431735,1526622166.6760821
1,BTCUSDT,8027.085,99.98685699727858,100.01314300272142,0.00026282551126431735,1526622167.087097
1,BTCUSDT,8027.085,99.98685699727858,100.01314300272142,0.00026282551126431735,1526622167.4829993
1,BTCUSDT,8027.085,99.98685699727858,100.01314300272142,0.00026282551126431735,1526622168.1056426
1,BTCUSDT,8026.025,99.99993770266104,100.00006229733897,1.2459460030868238e-06,1526622168.4715025
1,BTCUSDT,8026.025,99.99993770266104,100.00006229733897,1.2459460030868238e-06,1526622168.8800735
1,BTCUSDT,8026.025,99.99993770266104,100.00006229733897,1.2459460030868238e-06,1526622169.2531962
1,BTCUSDT,8026.025,99.99993770266104,100.00006229733897,1.2459460030868238e-06,1526622169.6328814
1,BTCUSDT,8026.025,99.99993770266104,100.00006229733897,1.2459460030868238e-06,1526622170.0028267
1,BTCUSDT,8026.025,99.99993770266104,100.00006229733897,1.2459460030868238e-06,1526622170.5984478
1,BTCUSDT,8026.025,99.99993770266104,100.00006229733897,1.2459460030868238e-06,1526622170.9760892
1,BTCUSDT,8026.025,99.99993770266104,100.00006229733897,1.2459460030868238e-06,1526622171.4830036
1,BTCUSDT,8026.025,99.99993770266104,100.00006229733897,1.2459460030868238e-06,1526622171.910521
1,BTCUSDT,8026.025,99.99993770266104,100.00006229733897,1.2459460030868238e-06,1526622172.272049
1,BTCUSDT,8026.025,99.99993770266104,100.00006229733897,1.2459460030868238e-06,1526622172.7944057
1,BTCUSDT,8026.025,99.99993770266104,100.00006229733897,1.2459460030868238e-06,1526622173.1801744
1,BTCUSDT,8026.025,99.99993770266104,100.00006229733897,1.2459460030868238e-06,1526622173.5457325
1,BTCUSDT,8026.025,99.99993770266104,100.00006229733897,1.2459460030868238e-06,1526622173.9486067
1,BTCUSDT,8026.025,99.99993770266104,100.00006229733897,1.2459460030868238e-06,1526622174.318526
1,BTCUSDT,8026.025,99.99993770266104,100.00006229733897,1.2459460030868238e-06,1526622174.6874788
1,BTCUSDT,8026.025,99.99993770266104,100.00006229733897,1.2459460030868238e-06,1526622175.0645578
1,BTCUSDT,8026.025,99.99993770266104,100.00006229733897,1.2459460030868238e-06,1526622175.4465802
1,BTCUSDT,8026.025,99.99993770266104,100.00006229733897,1.2459460030868238e-06,1526622176.0365613
1,BTCUSDT,8026.025,99.99993770266104,100.00006229733897,1.2459460030868238e-06,1526622176.4068959
1,BTCUSDT,8026.025,99.99993770266104,100.00006229733897,1.2459460030868238e-06,1526622176.7813625
1,BTCUSDT,8026.025,99.99993770266104,100.00006229733897,1.2459460030868238e-06,1526622177.1870763
1,BTCUSDT,8026.025,99.99993770266104,100.00006229733897,1.2459460030868238e-06,1526622177.6896265
1,BTCUSDT,8027.07,99.9866701050321,100.01332989496791,0.0002665623668745325,1526622178.085224
1,BTCUSDT,8027.07,99.9866701050321,100.01332989496791,0.0002665623668745325,1526622178.4662814
1,BTCUSDT,8027.07,99.9866701050321,100.01332989496791,0.0002665623668745325,1526622178.832896
1,BTCUSDT,8027.07,99.9866701050321,100.01332989496791,0.0002665623668745325,1526622179.214633
1,BTCUSDT,8027.07,99.9866701050321,100.01332989496791,0.0002665623668745325,1526622179.6275926
1,BTCUSDT,8027.07,99.9866701050321,100.01332989496791,0.0002665623668745325,1526622180.0044978
1,BTCUSDT,8027.0,99.98754204559611,100.01245795440387,0.000249128051818459,1526622180.372163
1,BTCUSDT,8027.0,99.98754204559611,100.01245795440387,0.000249128051818459,1526622180.9610775
1,BTCUSDT,8027.0,99.98754204559611,100.01245795440387,0.000249128051818459,1526622181.3904035
1,BTCUSDT,8027.075,99.98660782414515,100.01339217585483,0.0002678076518251079,1526622181.7590845
1,BTCUSDT,8027.075,99.98660782414515,100.01339217585483,0.0002678076518251079,1526622182.1238818
1,BTCUSDT,8027.075,99.98660782414515,100.01339217585483,0.0002678076518251079,1526622182.499876
1,BTCUSDT,8027.0,99.98754204559611,100.01245795440387,0.000249128051818459,1526622182.8698602
1,BTCUSDT,8027.0,99.98754204559611,100.01245795440387,0.000249128051818459,1526622183.2336721
1,BTCUSDT,8027.0,99.98754204559611,100.01245795440387,0.000249128051818459,1526622183.6465085
1,BTCUSDT,8027.0,99.98754204559611,100.01245795440387,0.000249128051818459,1526622184.0126467
